<?xml version="1.0" encoding="UTF-8"?>
<beans xmlns="http://www.springframework.org/schema/beans"
    xmlns:context="http://www.springframework.org/schema/context"
    xmlns:tx="http://www.springframework.org/schema/tx"
    xmlns:security="http://www.springframework.org/schema/security"
    xmlns:xsi="http://www.w3.org/2001/XMLSchema-instance"
    xsi:schemaLocation="http://www.springframework.org/schema/beans
        http://www.springframework.org/schema/beans/spring-beans-3.2.xsd
        http://www.springframework.org/schema/context
        http://www.springframework.org/schema/context/spring-context-3.2.xsd
        http://www.springframework.org/schema/tx
        http://www.springframework.org/schema/tx/spring-tx-3.2.xsd
        http://www.springframework.org/schema/security
        http://www.springframework.org/schema/security/spring-security-3.2.xsd">

    <bean id="dataSource" class="org.apache.tomcat.jdbc.pool.DataSource" destroy-method="close">
        <property name="driverClassName" value="org.postgresql.Driver" />
        <property name="url" value="jdbc:postgresql://localhost:5432/gefp" />
        <property name="username" value="gefp" />
        <property name="password" value="abcd" />
        <property name="initialSize" value="1" />
    </bean>

    <bean id="entityManagerFactory" class="org.springframework.orm.jpa.LocalContainerEntityManagerFactoryBean">
        <property name="persistenceUnitName" value="gefp" />
        <property name="dataSource" ref="dataSource" />
    </bean>

    <bean id="transactionManager" class="org.springframework.orm.jpa.JpaTransactionManager">
        <property name="entityManagerFactory" ref="entityManagerFactory" />
    </bean>

    <bean class="org.springframework.dao.annotation.PersistenceExceptionTranslationPostProcessor" />

    <bean id="mailSender" class="org.springframework.mail.javamail.JavaMailSenderImpl">
        <property name="host" value="localhost" />
        <property name="username" value="cysun@localhost.localdomain" />
        <property name="password" value="abcd" />
    </bean>

    <context:annotation-config />

    <tx:annotation-driven />

    <context:component-scan base-package="gefp.model" />

    <security:authentication-manager>
        <security:authentication-provider>
            <security:jdbc-user-service data-source-ref="dataSource" />
        </security:authentication-provider>
    </security:authentication-manager>

    <security:http auto-config="true" use-expressions="true">
        
        <!-- Advisor Access -->
        <security:intercept-url pattern="/login*" access="permitAll" />
        <security:intercept-url pattern="/**" access="authenticated" />
        <security:intercept-url pattern="/student/list.html" access="hasRole('ROLE_ADVISOR')"/>
        <security:intercept-url pattern="/student/view_plan.html" access="hasRole('ROLE_ADVISOR')"/>
        
        
        <!-- Admin Access Access -->
		<security:intercept-url pattern="/user/**" access="hasRole('ROLE_ADMIN')"/>
        <security:intercept-url pattern="/stage/**" access="hasRole('ROLE_ADMIN')"/>
        <security:intercept-url pattern="/runway/**" access="hasRole('ROLE_ADMIN')"/>
        <security:intercept-url pattern="/plan/**" access="hasRole('ROLE_ADMIN')"/>
        <security:intercept-url pattern="/department/**" access="hasRole('ROLE_ADMIN')"/>
        <security:intercept-url pattern="/checkpoint/**" access="hasRole('ROLE_ADMIN')"/>
        
        <!-- Student Acess -->
        <security:intercept-url pattern="/changePassword.html" access="hasRole('ROLE_ADMIN')"/>
        <security:intercept-url pattern="/updatedepartment.html" access="hasRole('ROLE_ADMIN')"/>
        <security:intercept-url pattern="/changePassword.html" access="hasRole('ROLE_ADMIN')"/>
        <security:intercept-url pattern="/changedepartment.html" access="hasRole('ROLE_ADMIN')"/>
        <security:intercept-url pattern="/plans.html" access="hasRole('ROLE_ADMIN')"/>
    </security:http>

    <security:global-method-security pre-post-annotations="enabled" />

</beans>
